match_id,team_1,team_2,match_date,season_id,venue_id,toss_winner,toss_decide,win_type,win_margin,match_winner,man_of_the_match
335987,2,1,18-Apr-08,1,1,2,1,1,140,1,2
335988,4,3,19-Apr-08,1,2,3,2,1,33,3,19
335989,6,5,19-Apr-08,1,3,5,2,2,9,6,90
335990,7,2,20-Apr-08,1,4,7,2,2,5,2,11
335991,1,8,20-Apr-08,1,5,8,2,2,5,1,4
335992,5,4,21-Apr-08,1,6,4,2,2,6,5,32
335993,8,6,22-Apr-08,1,7,8,2,2,9,6,41
335994,3,7,23-Apr-08,1,8,7,1,1,6,3,18
335995,8,5,24-Apr-08,1,7,5,1,2,3,5,31
335996,4,7,25-Apr-08,1,2,7,1,1,66,4,26
335997,2,5,26-Apr-08,1,1,5,1,2,7,5,32
335998,3,1,26-Apr-08,1,8,1,2,2,9,3,22
335999,7,8,27-Apr-08,1,9,8,1,2,10,8,53
336000,4,6,27-Apr-08,1,2,6,2,2,4,4,28
336001,2,3,28-Apr-08,1,1,3,2,1,13,3,20
336002,1,7,29-Apr-08,1,5,1,2,2,7,7,44
336003,6,2,30-Apr-08,1,3,2,1,1,10,6,118
336004,8,4,1-May-08,1,7,4,1,2,7,4,100
336005,5,1,1-May-08,1,6,5,2,1,45,5,101
336006,3,6,2-May-08,1,8,3,2,2,8,6,41
336007,8,2,25-May-08,1,7,8,2,2,5,2,81
336008,4,1,3-May-08,1,2,4,2,1,9,4,29
336009,7,6,4-May-08,1,9,6,1,1,29,7,49
336010,5,3,4-May-08,1,6,3,2,2,8,5,102
336011,2,4,5-May-08,1,1,4,1,2,6,4,77
336012,3,8,6-May-08,1,8,8,1,2,7,8,53
336013,7,5,7-May-08,1,9,7,1,2,7,7,73
336014,6,3,8-May-08,1,3,3,1,2,4,3,20
336015,1,2,8-May-08,1,5,1,2,1,5,1,1
336016,5,8,9-May-08,1,6,5,1,2,8,5,31
336017,2,7,28-May-08,1,1,7,1,2,9,7,149
336018,3,4,10-May-08,1,8,4,1,1,18,3,151
336019,8,1,11-May-08,1,7,1,2,1,23,1,1
336020,5,6,11-May-08,1,6,5,1,2,3,5,32
336021,4,2,12-May-08,1,2,2,2,2,9,4,100
336022,1,6,13-May-08,1,5,1,2,1,23,1,144
336023,7,3,14-May-08,1,4,7,1,2,9,7,44
336024,4,5,28-May-08,1,2,5,1,1,41,4,100
336025,6,8,15-May-08,1,3,8,1,1,12,6,136
336026,7,1,16-May-08,1,4,7,1,2,8,7,49
336027,6,4,17-May-08,1,3,6,2,1,6,4,64
336028,5,2,17-May-08,1,6,2,1,1,65,5,74
336029,8,7,18-May-08,1,7,8,1,1,25,7,71
336030,1,3,18-May-08,1,5,1,2,1,3,3,122
336031,2,6,19-May-08,1,1,6,1,2,5,6,132
336032,1,5,20-May-08,1,5,5,1,2,6,5,31
336033,7,4,21-May-08,1,4,7,1,1,1,4,100
336034,3,2,21-May-08,1,8,2,2,1,14,2,124
336036,4,8,23-May-08,1,2,4,1,2,6,4,100
336037,6,7,24-May-08,1,3,6,1,2,5,6,88
336038,3,5,24-May-08,1,8,5,2,1,10,5,109
336039,2,8,3-May-08,1,1,8,1,1,3,2,14
336040,1,4,25-May-08,1,5,4,2,2,3,1,105
336041,5,7,26-May-08,1,6,5,1,2,5,5,102
336042,8,3,27-May-08,1,7,8,2,2,7,3,21
336043,6,5,30-May-08,1,4,6,1,1,105,5,32
336044,3,4,31-May-08,1,4,4,2,2,9,3,122
336045,3,5,1-Jun-08,1,9,5,1,2,3,5,31
392186,3,7,18-Apr-09,2,10,3,1,1,19,7,133
392187,2,5,18-Apr-09,2,10,2,2,1,75,2,6
392188,6,4,19-Apr-09,2,10,6,1,2,10,6,175
392189,8,1,19-Apr-09,2,10,1,2,2,8,8,61
392190,2,3,20-Apr-09,2,11,3,2,1,92,3,121
392191,4,1,21-Apr-09,2,12,1,1,1,11,1,162
392193,2,8,22-Apr-09,2,10,8,2,1,24,8,53
392194,3,6,23-Apr-09,2,12,6,2,1,9,6,110
392195,1,5,23-Apr-09,2,10,1,1,4,,5,31
392196,2,4,24-Apr-09,2,12,2,2,2,7,4,161
392197,8,7,25-Apr-09,2,12,8,2,1,12,8,131
392199,2,6,26-Apr-09,2,11,2,2,2,6,6,135
392200,4,5,26-Apr-09,2,10,4,2,1,27,4,26
392201,3,8,27-Apr-09,2,12,8,1,2,6,8,97
392202,1,7,27-Apr-09,2,11,7,2,1,92,7,133
392203,6,5,28-Apr-09,2,13,6,2,2,5,5,31
392204,2,1,29-Apr-09,2,12,1,2,2,5,2,11
392205,4,7,29-Apr-09,2,12,4,2,1,3,4,26
392206,8,6,30-Apr-09,2,13,6,1,2,6,6,223
392207,3,5,30-Apr-09,2,13,5,1,1,38,3,21
392208,1,7,1-May-09,2,14,7,2,1,9,7,154
392209,2,4,1-May-09,2,12,2,2,1,8,2,27
392210,8,5,2-May-09,2,11,8,2,2,3,5,31
392211,3,6,2-May-09,2,15,6,1,1,18,3,186
392212,4,1,3-May-09,2,11,1,2,2,6,4,64
392213,2,7,3-May-09,2,15,7,2,2,9,2,9
392214,3,8,4-May-09,2,14,3,2,1,78,3,20
392215,4,5,5-May-09,2,12,4,1,1,78,5,74
392216,6,1,5-May-09,2,12,1,2,2,9,6,40
392217,8,7,6-May-09,2,13,8,2,1,19,8,57
392218,2,5,7-May-09,2,13,5,1,2,7,5,196
392219,3,4,7-May-09,2,13,3,2,1,12,3,18
392220,6,7,8-May-09,2,14,7,2,2,7,6,73
392221,8,4,9-May-09,2,16,4,1,2,3,4,64
392222,3,5,9-May-09,2,16,5,2,2,7,3,23
392223,2,7,10-May-09,2,11,7,2,1,16,7,154
392224,6,1,10-May-09,2,15,6,1,2,7,6,136
392225,8,5,11-May-09,2,16,8,2,1,53,8,147
392226,2,1,12-May-09,2,13,2,1,2,6,2,52
392227,4,7,12-May-09,2,13,4,2,2,8,7,50
392228,8,6,13-May-09,2,12,8,1,1,12,6,89
392229,2,3,14-May-09,2,12,3,2,2,2,2,52
392230,7,5,14-May-09,2,12,5,2,1,2,5,38
392231,6,4,15-May-09,2,17,4,1,2,6,4,66
392232,3,7,16-May-09,2,11,7,2,2,7,3,18
392233,8,1,16-May-09,2,15,8,1,2,6,8,57
392234,8,4,17-May-09,2,15,8,1,1,1,4,27
392235,6,5,17-May-09,2,17,6,2,1,14,6,110
392236,3,1,18-May-09,2,13,3,2,2,7,1,104
392237,2,6,19-May-09,2,15,6,2,2,7,2,9
392238,1,5,20-May-09,2,12,1,1,2,4,1,63
392239,3,4,20-May-09,2,12,3,2,1,24,3,121
392240,6,7,21-May-09,2,13,6,1,2,4,6,41
392241,2,8,21-May-09,2,13,2,2,1,12,2,96
392242,6,8,22-May-09,2,13,8,1,2,6,8,53
392243,2,3,23-May-09,2,15,2,1,2,6,2,96
392244,2,8,24-May-09,2,15,2,1,1,6,8,124
419111,8,1,12-Mar-10,3,9,8,1,1,11,1,191
419112,7,5,13-Mar-10,3,18,7,2,1,4,7,31
419113,4,6,13-Mar-10,3,2,6,1,2,5,6,40
419114,1,2,14-Mar-10,3,5,1,1,2,7,1,87
419115,3,8,14-Mar-10,3,8,8,2,1,31,8,60
419116,5,6,15-Mar-10,3,19,6,1,2,6,6,41
419117,2,4,16-Mar-10,3,1,4,2,2,8,2,9
419118,1,3,16-Mar-10,3,5,3,2,1,55,3,20
419119,6,7,17-Mar-10,3,3,6,1,1,98,7,133
419120,2,5,18-Mar-10,3,1,2,1,2,10,2,9
419121,6,3,19-Mar-10,3,3,6,2,2,5,3,18
419122,8,4,19-Mar-10,3,20,4,1,1,6,8,56
419123,5,1,20-Mar-10,3,19,5,2,1,34,5,211
419124,7,2,20-Mar-10,3,18,7,2,2,7,2,9
419125,8,6,21-Mar-10,3,20,8,2,1,10,8,56
419126,3,4,21-Mar-10,3,8,3,1,4,,4,233
419127,7,1,22-Mar-10,3,18,1,2,2,7,7,133
419128,2,3,23-Mar-10,3,1,3,1,1,36,2,46
419129,4,5,24-Mar-10,3,2,4,1,1,31,5,230
419130,7,3,25-Mar-10,3,18,7,1,2,5,7,133
419131,5,8,26-Mar-10,3,19,8,2,2,8,5,31
419132,4,1,27-Mar-10,3,2,1,2,1,39,1,87
419133,2,6,25-Mar-10,3,1,2,1,1,17,6,237
419134,5,3,28-Mar-10,3,19,5,2,1,17,5,183
419135,8,7,28-Mar-10,3,9,8,1,1,41,7,50
419136,6,1,29-Mar-10,3,3,6,2,1,40,6,187
419137,7,4,30-Mar-10,3,18,7,1,2,4,7,194
419138,3,2,31-Mar-10,3,8,2,2,2,5,3,185
419139,6,5,31-Mar-10,3,3,6,2,1,67,6,88
419140,1,8,1-Apr-10,3,5,1,2,1,24,1,1
419141,4,2,2-Apr-10,3,2,4,2,2,6,2,158
419142,3,5,3-Apr-10,3,8,3,2,1,23,3,185
419143,7,8,3-Apr-10,3,18,7,2,1,63,7,208
419144,1,4,4-Apr-10,3,5,1,2,2,8,4,64
419145,6,2,4-Apr-10,3,3,6,2,1,37,6,241
419146,8,5,5-Apr-10,3,21,5,2,1,2,5,38
419147,3,7,6-Apr-10,3,8,3,2,1,24,3,21
419148,5,4,7-Apr-10,3,6,4,2,2,9,5,224
419149,1,6,7-Apr-10,3,5,1,2,1,14,1,1
419150,2,8,8-Apr-10,3,1,8,1,2,7,8,178
419151,4,7,9-Apr-10,3,2,7,2,2,6,4,26
419152,8,3,10-Apr-10,3,21,3,2,2,6,8,188
419153,2,1,10-Apr-10,3,1,2,1,2,7,2,81
419154,6,4,11-Apr-10,3,3,6,2,2,7,4,67
419155,5,7,11-Apr-10,3,6,5,1,1,37,7,133
419156,8,2,12-Apr-10,3,21,2,1,1,13,8,256
419157,7,6,13-Apr-10,3,18,7,2,1,39,7,221
419158,3,1,13-Apr-10,3,8,1,2,2,9,3,201
419159,5,2,14-Apr-10,3,6,5,2,2,5,2,158
419160,3,6,15-Apr-10,3,8,3,2,2,6,6,40
419161,4,8,16-Apr-10,3,22,8,1,2,5,8,57
419162,2,7,17-Apr-10,3,1,2,1,1,57,7,210
419163,1,5,17-Apr-10,3,5,5,2,2,8,1,346
419164,4,3,18-Apr-10,3,22,3,1,2,6,3,20
419165,6,8,18-Apr-10,3,3,8,2,1,11,8,56
419166,1,7,19-Apr-10,3,5,7,2,2,9,1,83
419167,2,7,21-Apr-10,3,9,7,2,1,35,7,221
419168,3,8,22-Apr-10,3,9,3,2,1,38,3,248
419169,2,8,24-Apr-10,3,9,8,2,2,9,2,124
419170,3,7,25-Apr-10,3,9,3,2,1,22,3,21
501203,3,1,8-Apr-11,4,8,3,2,1,2,3,125
501204,8,5,9-Apr-11,4,7,5,1,2,8,5,39
501205,9,2,9-Apr-11,4,23,9,2,2,6,2,110
501206,6,7,10-Apr-11,4,3,6,2,2,8,7,194
501207,10,4,10-Apr-11,4,9,4,2,2,7,10,273
501208,1,8,11-Apr-11,4,5,1,2,1,9,1,9
501209,5,6,12-Apr-11,4,6,6,2,2,6,5,38
501210,2,7,12-Apr-11,4,1,7,1,2,9,7,133
501211,4,3,13-Apr-11,4,2,4,1,2,6,4,167
501212,10,9,13-Apr-11,4,9,9,2,2,4,10,231
501213,8,2,14-Apr-11,4,7,2,1,1,33,8,94
501214,5,1,15-Apr-11,4,6,1,1,2,9,1,40
501215,7,9,15-Apr-11,4,4,9,1,2,8,9,2
501216,3,2,16-Apr-11,4,8,3,2,1,21,3,19
501217,8,4,16-Apr-11,4,7,4,1,2,8,4,167
501218,10,6,17-Apr-11,4,9,6,1,2,3,6,27
501219,1,5,17-Apr-11,4,5,1,1,2,8,1,151
501220,9,3,18-Apr-11,4,23,9,1,2,7,9,2
501221,6,8,19-Apr-11,4,3,8,2,1,16,8,65
501223,7,10,20-Apr-11,4,4,10,2,2,7,7,126
501224,1,9,20-Apr-11,4,5,1,1,1,6,9,64
501225,4,5,21-Apr-11,4,2,5,1,1,48,4,100
501226,7,3,22-Apr-11,4,4,3,1,1,8,7,50
501227,1,2,22-Apr-11,4,5,2,1,2,9,2,162
501228,6,4,23-Apr-11,4,3,4,1,1,29,6,187
501229,8,7,24-Apr-11,4,7,8,1,1,37,7,194
501230,5,9,24-Apr-11,4,6,5,1,2,8,5,38
501231,3,10,25-Apr-11,4,8,10,1,1,25,3,19
501232,6,2,26-Apr-11,4,3,2,1,2,3,2,8
501233,10,3,27-Apr-11,4,9,10,2,2,8,3,248
501234,9,8,27-Apr-11,4,23,9,1,1,55,8,84
501235,6,1,28-Apr-11,4,3,6,1,1,17,1,87
501236,5,7,29-Apr-11,4,6,5,1,2,7,5,192
501237,2,10,29-Apr-11,4,1,10,1,1,26,2,8
501238,9,6,30-Apr-11,4,23,6,2,1,38,6,41
501239,1,4,30-Apr-11,4,5,1,1,2,8,1,140
501240,5,10,1-May-11,4,6,5,1,2,6,5,52
501241,3,8,1-May-11,4,8,3,2,1,19,3,109
501242,7,4,2-May-11,4,4,4,1,1,23,7,221
501243,6,9,2-May-11,4,3,9,1,2,7,9,294
501244,8,1,3-May-11,4,7,8,1,1,20,1,31
501245,3,5,4-May-11,4,8,5,2,2,8,3,19
501246,10,7,4-May-11,4,9,10,1,1,21,7,235
501247,9,1,5-May-11,4,23,1,1,1,17,9,104
501248,8,6,5-May-11,4,7,6,1,2,4,6,41
501249,2,4,6-May-11,4,1,4,1,1,85,2,162
501250,1,3,7-May-11,4,5,3,2,1,10,1,140
501251,7,6,7-May-11,4,4,6,1,1,32,7,208
501252,2,9,8-May-11,4,1,9,2,2,9,2,162
501253,4,10,8-May-11,4,2,4,2,2,5,10,235
501254,5,3,9-May-11,4,6,5,1,1,63,3,185
501255,8,10,10-May-11,4,7,8,2,2,6,10,253
501256,4,7,10-May-11,4,2,7,1,1,76,4,302
501257,5,2,11-May-11,4,6,2,1,2,9,2,270
501258,3,6,12-May-11,4,8,3,2,1,18,3,20
501259,9,4,13-May-11,4,24,4,1,2,6,4,88
501260,2,1,14-May-11,4,1,2,1,2,4,2,162
501261,7,8,14-May-11,4,4,8,2,1,10,8,136
501262,4,6,15-May-11,4,22,6,1,1,29,4,67
501263,9,5,15-May-11,4,24,9,1,2,8,9,104
501264,10,8,16-May-11,4,9,8,1,2,6,8,136
501265,4,2,17-May-11,4,22,4,2,1,111,4,53
501266,3,9,18-May-11,4,8,3,2,1,11,3,62
501267,10,1,19-May-11,4,9,1,1,2,7,1,31
501268,7,5,20-May-11,4,4,7,2,2,10,5,32
501269,4,8,21-May-11,4,22,4,1,1,82,8,42
501270,6,10,21-May-11,4,3,6,2,3,,,
501271,2,3,22-May-11,4,1,2,1,2,8,2,162
501272,1,7,22-May-11,4,5,7,1,2,5,7,275
501273,2,3,24-May-11,4,4,3,1,2,6,3,21
501274,7,1,25-May-11,4,4,7,1,2,4,7,126
501275,2,7,27-May-11,4,8,7,1,1,43,2,162
501276,3,2,28-May-11,4,8,3,2,1,58,3,185
548311,3,7,4-Apr-12,5,8,7,1,2,8,7,304
548312,1,6,5-Apr-12,5,5,6,1,2,8,6,29
548313,7,10,6-Apr-12,5,4,7,1,1,28,10,306
548314,5,4,6-Apr-12,5,6,4,1,1,31,5,85
548315,2,6,7-Apr-12,5,1,6,1,1,20,2,110
548316,8,3,7-Apr-12,5,25,8,1,1,74,3,35
548317,5,1,8-Apr-12,5,6,1,1,1,22,5,104
548318,10,4,8-Apr-12,5,26,10,2,1,22,10,307
548319,8,7,9-Apr-12,5,25,8,2,2,5,7,57
548320,2,1,10-Apr-12,5,1,2,1,1,42,1,151
548321,6,3,10-Apr-12,5,3,6,1,2,8,6,190
548322,7,5,11-Apr-12,5,4,5,1,1,27,7,221
548323,3,2,12-Apr-12,5,8,2,2,2,5,3,303
548324,4,10,12-Apr-12,5,2,4,1,2,7,4,137
548325,1,5,13-Apr-12,5,5,5,2,2,5,1,276
548326,6,8,19-Apr-12,5,3,8,2,2,5,6,158
548327,10,3,14-Apr-12,5,26,3,2,2,7,10,157
548328,1,4,15-Apr-12,5,5,1,1,1,2,4,315
548329,2,5,15-Apr-12,5,1,5,2,1,59,5,85
548330,7,6,16-Apr-12,5,4,6,1,2,7,6,293
548331,5,8,17-Apr-12,5,6,8,2,2,5,5,104
548332,2,10,17-Apr-12,5,1,10,2,2,6,2,162
548333,4,1,18-Apr-12,5,2,4,2,2,8,1,40
548334,8,6,10-May-12,5,7,8,2,2,9,6,187
548335,3,10,19-Apr-12,5,8,10,1,1,13,3,324
548336,4,2,20-Apr-12,5,2,2,1,2,5,2,162
548337,3,5,21-Apr-12,5,8,5,2,2,7,3,303
548338,6,10,21-Apr-12,5,3,6,1,1,20,10,1
548339,7,4,22-Apr-12,5,4,7,2,2,6,4,100
548340,8,1,22-Apr-12,5,20,1,1,2,5,1,66
548341,5,2,23-Apr-12,5,6,5,1,1,46,2,110
548342,10,6,24-Apr-12,5,26,10,2,2,8,6,41
548344,4,7,25-Apr-12,5,2,4,2,2,4,7,208
548346,10,8,26-Apr-12,5,26,8,2,1,18,8,10
548347,6,7,27-Apr-12,5,3,7,1,1,37,6,41
548348,3,4,28-Apr-12,5,8,4,2,1,7,4,236
548349,1,2,28-Apr-12,5,5,1,2,1,47,1,40
548350,6,5,29-Apr-12,5,3,6,2,1,1,6,41
548351,7,8,29-Apr-12,5,4,7,1,2,5,7,94
548352,3,1,30-Apr-12,5,8,3,2,2,5,1,40
548353,8,10,1-May-12,5,20,8,2,1,13,8,26
548354,5,6,1-May-12,5,6,5,2,2,6,6,322
548355,2,4,2-May-12,5,1,4,1,2,4,4,321
548356,10,7,3-May-12,5,26,7,2,1,1,7,194
548357,3,8,4-May-12,5,8,3,2,1,10,3,21
548358,1,10,5-May-12,5,5,1,2,1,7,1,315
548359,4,5,5-May-12,5,2,5,2,1,43,5,32
548360,7,3,6-May-12,5,4,7,1,2,2,7,147
548361,2,8,6-May-12,5,1,2,1,2,5,2,110
548362,6,1,7-May-12,5,3,6,2,2,6,1,9
548363,10,5,8-May-12,5,26,10,2,2,7,5,32
548364,8,4,8-May-12,5,7,8,1,1,25,4,236
548365,7,2,9-May-12,5,4,2,1,2,9,2,162
548366,5,3,10-May-12,5,6,3,1,2,4,3,451
548367,10,2,11-May-12,5,26,10,1,1,35,2,162
548368,1,7,12-May-12,5,5,7,2,1,27,7,57
548369,3,6,12-May-12,5,8,3,1,2,9,3,451
548370,5,10,13-May-12,5,6,5,2,1,45,5,335
548371,4,8,13-May-12,5,2,8,2,2,4,4,4
548372,2,7,14-May-12,5,1,7,1,2,5,7,208
548373,1,3,14-May-12,5,5,3,1,2,5,3,19
548374,6,4,15-May-12,5,3,4,2,2,5,6,232
548375,7,1,16-May-12,5,4,7,1,1,32,1,315
548376,4,3,17-May-12,5,22,4,1,2,6,4,53
548377,6,2,17-May-12,5,3,6,1,1,21,2,162
548378,8,5,18-May-12,5,7,5,2,2,5,8,94
548379,4,6,19-May-12,5,22,6,1,2,6,6,232
548380,10,1,19-May-12,5,26,1,2,1,34,1,276
548381,8,2,20-May-12,5,7,2,1,1,9,8,94
548382,5,7,20-May-12,5,6,5,2,2,10,7,147
548383,6,1,22-May-12,5,26,1,2,1,18,1,31
548384,3,7,23-May-12,5,1,7,1,1,38,3,20
548385,6,3,25-May-12,5,8,6,1,1,86,3,185
548386,1,3,27-May-12,5,8,3,2,2,5,1,214
598003,1,6,3-Apr-13,6,5,1,1,2,6,1,315
598004,2,7,4-Apr-13,6,1,7,1,1,2,2,162
598005,11,10,5-Apr-13,6,7,10,1,1,22,11,136
598006,6,5,6-Apr-13,6,3,5,2,1,5,5,6
598007,3,7,6-Apr-13,6,8,7,2,1,9,7,221
598008,10,4,7-Apr-13,6,26,10,2,2,8,4,345
598009,11,2,7-Apr-13,6,7,2,2,4,,11,340
598010,5,1,8-Apr-13,6,6,1,1,1,19,5,39
598011,7,6,9-Apr-13,6,4,7,2,1,44,7,88
598012,4,3,10-Apr-13,6,2,3,1,2,10,3,19
598013,2,1,11-Apr-13,6,1,2,1,2,8,2,162
598014,10,5,11-Apr-13,6,26,5,2,2,7,10,254
598015,6,11,12-Apr-13,6,3,6,2,2,3,11,136
598016,7,10,13-Apr-13,6,4,7,2,1,41,7,57
598017,3,2,13-Apr-13,6,8,3,1,2,4,3,35
598018,1,11,14-Apr-13,6,5,1,2,1,48,1,40
598019,5,4,14-Apr-13,6,6,5,1,2,6,5,310
598020,3,10,15-Apr-13,6,8,10,2,1,24,10,306
598021,4,1,16-Apr-13,6,2,1,1,1,4,4,120
598022,2,6,16-Apr-13,6,1,2,1,4,,2,8
598023,10,11,17-Apr-13,6,26,10,1,1,11,11,136
598024,5,7,17-Apr-13,6,6,5,2,1,87,5,85
598025,6,3,18-Apr-13,6,3,3,2,1,86,3,19
598026,11,4,19-Apr-13,6,7,4,2,2,5,11,340
598027,1,3,20-Apr-13,6,5,1,2,2,4,3,35
598028,2,5,20-Apr-13,6,1,2,1,2,7,2,81
598029,6,7,21-Apr-13,6,3,7,2,2,9,6,41
598030,4,10,21-Apr-13,6,2,4,1,2,7,4,320
598031,3,5,22-Apr-13,6,8,5,2,2,5,3,19
598032,2,10,23-Apr-13,6,1,10,1,1,130,2,162
598033,4,6,16-May-13,6,22,6,1,1,7,4,320
598034,1,7,24-Apr-13,6,5,1,2,2,5,7,147
598035,3,11,25-Apr-13,6,8,11,2,2,5,3,20
598036,1,4,26-Apr-13,6,5,4,2,2,6,1,9
598037,5,11,27-Apr-13,6,6,11,2,2,8,5,310
598038,7,2,27-Apr-13,6,4,7,2,1,58,7,147
598039,3,1,28-Apr-13,6,8,1,1,1,14,3,19
598040,6,10,28-Apr-13,6,27,10,1,1,15,6,187
598041,5,2,29-Apr-13,6,6,5,1,2,4,5,351
598042,7,4,29-Apr-13,6,4,7,2,1,4,7,57
598043,10,3,30-Apr-13,6,26,3,2,1,37,3,20
598044,11,7,1-May-13,6,7,7,2,2,7,11,84
598045,6,1,1-May-13,6,27,1,2,2,7,6,187
598046,3,4,2-May-13,6,8,3,2,1,15,3,21
598047,10,2,2-May-13,6,26,2,2,1,17,2,110
598048,1,5,3-May-13,6,5,5,2,2,8,1,31
598049,11,6,4-May-13,6,7,6,2,2,6,11,362
598050,2,4,14-May-13,6,1,4,1,2,7,4,53
598051,7,3,5-May-13,6,4,7,2,1,60,7,357
598052,5,10,5-May-13,6,6,10,2,2,5,5,85
598053,2,11,9-Apr-13,6,1,11,2,2,7,2,8
598054,5,6,7-May-13,6,6,6,2,2,9,5,85
598055,7,1,7-May-13,6,4,7,2,1,65,7,133
598056,11,3,8-May-13,6,7,11,1,1,77,3,21
598057,4,5,9-May-13,6,2,5,1,2,8,5,309
598058,10,1,9-May-13,6,26,1,2,1,46,1,40
598059,6,2,10-May-13,6,3,6,1,1,4,2,346
598060,10,7,11-May-13,6,26,10,2,2,5,7,357
598061,4,11,11-May-13,6,2,4,1,1,30,11,17
598062,1,2,12-May-13,6,28,1,1,2,5,1,9
598063,5,3,12-May-13,6,6,5,1,2,5,5,32
598064,6,4,23-Apr-13,6,3,4,1,2,5,4,256
598065,7,11,13-May-13,6,4,11,2,2,7,7,221
598066,1,10,15-May-13,6,28,1,1,1,7,10,96
598067,3,6,14-May-13,6,8,3,2,1,33,3,20
598068,7,5,15-May-13,6,4,5,1,1,14,7,207
598069,4,2,6-May-13,6,2,4,1,2,6,4,320
598070,11,5,17-May-13,6,7,11,2,1,23,11,136
598071,4,7,18-May-13,6,22,7,1,1,50,4,321
598072,10,6,19-May-13,6,26,10,2,1,38,10,358
598073,2,3,18-May-13,6,1,3,1,1,24,2,8
598074,11,1,19-May-13,6,7,1,2,2,5,11,17
598075,3,7,21-May-13,6,3,3,2,1,48,3,19
598076,5,11,22-May-13,6,3,11,2,2,4,5,104
598077,7,5,24-May-13,6,5,5,2,2,4,7,50
598078,3,7,26-May-13,6,5,7,2,1,23,7,221
729284,7,1,16-Apr-14,7,29,1,2,1,41,1,9
729286,6,2,17-Apr-14,7,30,2,1,2,8,2,382
729288,3,4,18-Apr-14,7,29,3,2,2,6,4,305
729290,11,5,18-Apr-14,7,29,5,1,2,4,5,85
729292,2,7,19-Apr-14,7,31,2,1,2,7,2,17
729294,1,6,19-Apr-14,7,31,1,2,2,4,6,154
729296,5,4,20-Apr-14,7,30,4,1,2,7,4,305
729298,3,6,21-Apr-14,7,29,3,2,1,93,3,21
729300,4,11,22-Apr-14,7,30,11,1,1,72,4,305
729302,5,3,23-Apr-14,7,31,5,1,1,7,3,35
729304,2,1,24-Apr-14,7,30,2,1,1,2,1,336
729306,11,6,25-Apr-14,7,31,11,2,1,4,11,254
729308,3,7,25-Apr-14,7,31,7,2,2,7,3,364
729310,5,2,26-Apr-14,7,29,5,1,2,6,5,370
729312,1,4,26-Apr-14,7,29,1,1,1,23,4,367
729314,6,7,27-Apr-14,7,30,7,2,2,6,6,185
729316,11,3,27-Apr-14,7,30,11,2,2,5,3,147
729318,4,2,28-Apr-14,7,31,4,1,2,5,4,367
729320,1,5,29-Apr-14,7,29,5,2,4,,5,310
729322,7,11,30-Apr-14,7,31,7,1,1,15,11,299
733976,3,1,2-May-14,7,28,3,2,1,34,3,35
733978,7,4,3-May-14,7,4,4,2,2,5,7,372
733980,6,5,3-May-14,7,3,5,1,2,7,5,339
733982,2,11,4-May-14,7,1,2,1,2,4,2,110
733984,5,1,5-May-14,7,19,1,1,1,10,5,370
733986,6,3,5-May-14,7,3,3,1,2,8,3,147
733988,7,2,6-May-14,7,4,2,1,1,19,7,57
733990,6,1,7-May-14,7,3,6,2,2,8,1,40
733992,4,3,7-May-14,7,20,3,1,1,44,4,305
733994,5,11,8-May-14,7,19,5,1,1,32,11,299
733996,2,4,9-May-14,7,1,2,1,1,32,4,367
733998,6,11,10-May-14,7,3,11,1,2,8,11,94
734000,7,3,10-May-14,7,4,3,1,2,4,3,147
734002,4,1,11-May-14,7,20,1,1,2,9,1,40
734004,2,5,11-May-14,7,1,2,2,2,5,5,310
734006,11,7,12-May-14,7,7,11,2,2,7,7,208
734008,3,5,13-May-14,7,28,5,2,2,5,3,35
734010,2,6,13-May-14,7,1,6,1,1,16,2,27
734012,11,4,14-May-14,7,7,4,1,2,6,4,62
734014,1,7,14-May-14,7,20,1,1,2,6,1,46
734016,5,6,15-May-14,7,19,6,1,1,62,5,85
734018,3,2,18-May-14,7,28,3,2,2,5,2,110
734020,11,1,18-May-14,7,7,11,2,2,7,1,232
734022,5,7,19-May-14,7,19,7,2,1,25,7,19
734024,6,4,19-May-14,7,3,4,1,2,4,4,374
734026,11,2,20-May-14,7,7,2,2,2,7,11,187
734028,1,3,20-May-14,7,5,1,1,2,8,1,46
734030,4,7,21-May-14,7,2,7,1,2,7,7,383
734032,1,2,22-May-14,7,5,2,1,1,30,1,46
734034,3,11,22-May-14,7,28,11,1,2,6,11,187
734036,7,6,23-May-14,7,4,6,1,1,15,7,19
734038,4,5,23-May-14,7,2,5,1,1,16,4,100
734040,2,3,24-May-14,7,1,3,1,2,8,3,20
734042,1,11,24-May-14,7,5,1,1,2,4,1,31
734044,4,6,25-May-14,7,2,4,1,2,7,4,345
734046,7,5,25-May-14,7,4,7,1,2,5,7,372
734048,4,1,27-May-14,7,5,4,1,1,28,1,232
734050,3,7,28-May-14,7,18,3,1,2,7,3,21
734052,3,4,30-May-14,7,4,3,1,1,24,4,41
734054,1,4,1-Jun-14,7,1,1,1,2,3,1,96
829710,1,7,8-Apr-15,8,5,1,1,2,7,1,190
829712,3,6,9-Apr-15,8,8,6,1,1,1,3,73
829714,4,5,10-Apr-15,8,32,4,1,1,26,5,310
829716,3,11,11-Apr-15,8,8,3,2,1,45,3,2
829718,1,2,11-Apr-15,8,5,2,1,2,3,2,162
829720,6,5,12-Apr-15,8,3,5,1,2,3,5,394
829722,7,4,12-Apr-15,8,4,7,1,1,18,4,197
829724,2,11,13-Apr-15,8,1,11,1,2,8,11,187
829726,5,7,14-Apr-15,8,19,7,2,2,7,5,306
829728,1,3,30-Apr-15,8,5,1,1,2,7,1,334
829730,4,6,15-Apr-15,8,32,4,2,2,5,6,260
829732,11,5,16-Apr-15,8,25,5,1,2,6,5,85
829734,7,3,17-Apr-15,8,4,7,2,2,6,3,73
829736,11,6,18-Apr-15,8,25,6,2,1,4,6,154
829738,4,1,18-Apr-15,8,32,1,1,2,4,1,334
829740,5,3,19-Apr-15,8,19,3,2,2,8,5,85
829742,2,7,19-Apr-15,8,1,2,1,1,18,7,50
829744,6,1,20-Apr-15,8,3,1,1,2,6,1,232
829746,5,4,21-Apr-15,8,19,4,1,4,,4,100
829748,11,1,22-Apr-15,8,25,1,1,1,16,11,187
829750,2,3,22-Apr-15,8,1,2,1,1,27,3,21
829752,6,7,23-Apr-15,8,3,7,1,1,37,6,393
829754,5,2,24-Apr-15,8,19,2,1,2,9,2,378
829756,7,11,25-Apr-15,8,4,7,2,1,20,7,194
829758,3,4,25-Apr-15,8,8,3,2,1,97,3,2
829762,6,2,26-Apr-15,8,3,2,1,2,10,2,296
829764,4,11,27-Apr-15,8,2,4,1,1,20,11,458
829766,1,6,7-May-15,8,5,1,2,1,13,1,67
829768,2,5,29-Apr-15,8,1,5,1,3,,,
829770,3,1,28-Apr-15,8,8,1,1,1,2,3,71
829772,6,4,1-May-15,8,3,6,1,2,9,6,371
829774,7,5,1-May-15,8,4,5,1,1,8,7,208
829776,2,1,2-May-15,8,1,2,1,2,7,2,236
829778,11,3,2-May-15,8,7,3,1,1,22,11,187
829780,4,7,3-May-15,8,2,7,2,1,23,7,383
829782,5,6,3-May-15,8,18,6,1,1,14,5,85
829784,3,2,4-May-15,8,8,3,2,1,24,3,21
829786,1,11,4-May-15,8,5,11,1,1,35,1,232
829788,7,6,5-May-15,8,4,6,2,2,5,7,50
829790,2,4,6-May-15,8,1,4,1,1,138,2,162
829792,5,11,7-May-15,8,18,5,1,1,7,11,216
829794,3,7,8-May-15,8,8,3,2,2,6,7,400
829796,1,4,9-May-15,8,5,4,2,2,1,1,334
829798,6,11,9-May-15,8,27,11,2,1,6,11,163
829800,7,2,10-May-15,8,4,2,2,1,39,2,110
829802,3,5,10-May-15,8,8,3,2,1,12,3,35
829804,11,4,11-May-15,8,7,11,2,1,5,11,187
829806,6,3,12-May-15,8,27,3,2,2,6,6,15
829808,4,2,13-May-15,8,2,2,1,1,22,4,374
829810,7,1,14-May-15,8,4,1,1,1,5,7,400
829812,11,2,15-May-15,8,7,11,2,2,6,2,8
829814,4,3,16-May-15,8,2,4,2,2,7,3,322
829816,5,1,16-May-15,8,18,5,2,1,9,5,32
829818,2,6,17-May-15,8,1,2,1,3,,,
829820,11,7,17-May-15,8,7,11,2,2,9,7,403
829822,3,7,19-May-15,8,4,7,2,1,25,7,221
829824,2,5,20-May-15,8,32,2,2,1,71,2,110
829826,3,2,22-May-15,8,28,3,1,2,3,3,73
829828,7,3,24-May-15,8,5,3,1,1,41,7,57
980906,7,12,9-Apr-16,9,4,7,2,2,9,12,85
980908,1,6,10-Apr-16,9,5,1,1,2,9,1,334
980910,4,13,11-Apr-16,9,33,13,1,2,5,13,254
980912,2,11,12-Apr-16,9,1,11,1,1,45,2,110
980914,1,7,13-Apr-16,9,5,7,1,2,6,7,57
980916,13,12,14-Apr-16,9,34,12,2,2,7,13,254
980918,6,4,15-Apr-16,9,3,6,1,2,8,6,136
980920,11,1,16-Apr-16,9,7,11,2,2,8,1,40
980922,7,13,16-Apr-16,9,4,13,1,2,3,13,254
980924,4,12,17-Apr-16,9,33,12,2,2,6,4,345
980926,2,6,17-Apr-16,9,1,6,1,2,7,6,355
980928,11,7,18-Apr-16,9,7,11,1,2,7,11,187
980930,4,1,19-Apr-16,9,33,1,1,2,6,1,46
980932,7,2,20-Apr-16,9,4,7,1,2,6,7,57
980934,13,11,21-Apr-16,9,34,11,1,2,10,11,299
980936,12,2,22-Apr-16,9,32,12,1,1,13,2,110
980938,6,7,23-Apr-16,9,3,7,1,1,10,6,351
980940,11,4,23-Apr-16,9,7,11,1,2,5,11,460
980942,13,2,24-Apr-16,9,34,2,2,2,6,13,8
980944,12,1,24-Apr-16,9,32,1,1,2,2,1,308
980946,4,7,25-Apr-16,9,33,4,1,1,25,7,17
980948,11,12,26-Apr-16,9,7,12,1,1,34,12,106
980950,6,13,27-Apr-16,9,3,6,1,1,1,13,350
980952,7,1,28-Apr-16,9,4,7,1,2,6,7,57
980954,12,13,29-Apr-16,9,32,13,1,2,3,13,147
980956,6,1,30-Apr-16,9,3,1,1,1,27,6,408
980958,11,2,30-Apr-16,9,7,2,1,1,15,11,187
980960,13,4,1-May-16,9,34,13,1,1,23,4,374
980962,12,7,1-May-16,9,32,7,1,2,8,7,57
980964,2,1,2-May-16,9,1,1,1,2,5,1,334
980966,13,6,3-May-16,9,34,6,1,2,8,6,420
980968,1,4,4-May-16,9,5,4,1,1,7,1,334
980970,6,12,5-May-16,9,3,12,1,2,7,12,85
980972,11,13,6-May-16,9,7,11,1,2,5,11,299
980974,2,12,7-May-16,9,1,2,1,2,7,2,8
980976,4,6,7-May-16,9,33,6,1,1,9,4,409
980978,7,11,8-May-16,9,25,7,1,1,85,11,73
980980,1,13,8-May-16,9,5,13,1,2,5,13,14
980982,4,2,9-May-16,9,33,4,1,1,1,2,32
980984,12,11,10-May-16,9,25,11,2,1,4,11,430
980986,2,7,11-May-16,9,1,7,1,2,6,7,413
980988,11,6,12-May-16,9,7,6,1,2,7,6,350
980990,7,4,13-May-16,9,25,7,2,2,7,4,409
980992,2,13,14-May-16,9,1,13,1,1,144,2,110
980994,1,12,14-May-16,9,5,12,2,2,8,1,31
980996,4,11,15-May-16,9,33,4,2,2,7,11,427
980998,7,6,15-May-16,9,25,6,1,1,80,7,413
981000,1,2,16-May-16,9,5,2,1,2,9,2,8
981002,12,6,17-May-16,9,25,12,1,1,19,12,106
981004,2,4,18-May-16,9,1,4,1,1,82,2,8
981006,13,1,19-May-16,9,35,13,1,2,6,13,147
981008,6,11,20-May-16,9,27,6,1,2,6,6,339
981010,12,4,21-May-16,9,25,4,2,2,4,12,20
981012,13,7,21-May-16,9,35,13,1,2,6,13,21
981014,1,11,22-May-16,9,5,11,1,1,22,1,31
981016,6,2,22-May-16,9,27,2,1,2,6,2,8
981018,13,2,24-May-16,9,1,2,1,2,4,2,110
981020,11,1,25-May-16,9,3,1,1,1,22,11,163
981022,13,11,27-May-16,9,3,11,1,2,4,11,187
981024,2,11,29-May-16,9,1,11,2,1,8,11,385
